UserID,Name,Email,Preferences,Gender,NumberOfAdults,NumberOfChildren
1,Kavya,kavya@example.com,"Beaches, Historical",Female,1,0
2,Rohan,rohan@example.com,"Nature, Adventure",Male,2,2
3,Kavya,kavya@example.com,"City, Historical",Female,2,0
4,Anika,anika@example.com,"Beaches, Historical",Female,1,0
5,Tanvi,tanvi@example.com,"Nature, Adventure",Female,2,2
6,Karan,karan@example.com,"City, Historical",Male,2,0
7,Rohan,rohan@example.com,"Beaches, Historical",Male,2,1
8,Vivaan,vivaan@example.com,"Nature, Adventure",Male,2,2
9,Riya,riya@example.com,"City, Historical",Female,2,0
10,Rohan,rohan@example.com,"Beaches, Historical",Male,2,2
11,Vivaan,vivaan@example.com,"Nature, Adventure",Male,2,2
12,Anika,anika@example.com,"City, Historical",Female,1,1
13,Dhruv,dhruv@example.com,"Beaches, Historical",Male,1,2
14,Meera,meera@example.com,"Nature, Adventure",Female,2,2
15,Karan,karan@example.com,"City, Historical",Male,1,2
16,Anika,anika@example.com,"Beaches, Historical",Female,1,2
17,Aanya,aanya@example.com,"Nature, Adventure",Female,1,2
18,Vivaan,vivaan@example.com,"City, Historical",Male,1,0
19,Aanya,aanya@example.com,"Beaches, Historical",Female,1,2
20,Meera,meera@example.com,"Nature, Adventure",Female,2,0
21,Dhruv,dhruv@example.com,"City, Historical",Male,1,0
22,Arjun,arjun@example.com,"Beaches, Historical",Male,2,1
23,Arjun,arjun@example.com,"Nature, Adventure",Male,2,1
24,Karan,karan@example.com,"City, Historical",Male,1,2
25,Diya,diya@example.com,"Beaches, Historical",Female,1,1
26,Dhruv,dhruv@example.com,"Nature, Adventure",Male,2,0
27,Diya,diya@example.com,"City, Historical",Female,2,2
28,Riya,riya@example.com,"Beaches, Historical",Female,2,1
29,Diya,diya@example.com,"Nature, Adventure",Female,2,0
30,Riya,riya@example.com,"City, Historical",Female,1,1
31,Ritvik,ritvik@example.com,"Beaches, Historical",Male,2,2
32,Anika,anika@example.com,"Nature, Adventure",Female,1,1
33,Ritvik,ritvik@example.com,"City, Historical",Male,2,2
34,Meera,meera@example.com,"Beaches, Historical",Female,1,2
35,Rohan,rohan@example.com,"Nature, Adventure",Male,2,1
36,Arjun,arjun@example.com,"City, Historical",Male,2,2
37,Aarav,aarav@example.com,"Beaches, Historical",Male,1,2
38,Anika,anika@example.com,"Nature, Adventure",Female,2,2
39,Vivaan,vivaan@example.com,"City, Historical",Male,2,2
40,Aditya,aditya@example.com,"Beaches, Historical",Male,1,1
41,Vivaan,vivaan@example.com,"Nature, Adventure",Male,1,2
42,Riya,riya@example.com,"City, Historical",Female,2,2
43,Riya,riya@example.com,"Beaches, Historical",Female,1,2
44,Arjun,arjun@example.com,"Nature, Adventure",Male,2,2
45,Tanvi,tanvi@example.com,"City, Historical",Female,2,0
46,Anika,anika@example.com,"Beaches, Historical",Female,2,1
47,Meera,meera@example.com,"Nature, Adventure",Female,2,1
48,Dhruv,dhruv@example.com,"City, Historical",Male,2,0
49,Ishaan,ishaan@example.com,"Beaches, Historical",Male,1,1
50,Pooja,pooja@example.com,"Nature, Adventure",Female,2,0
51,Aarav,aarav@example.com,"City, Historical",Male,1,1
52,Diya,diya@example.com,"Beaches, Historical",Female,2,1
53,Dhruv,dhruv@example.com,"Nature, Adventure",Male,2,2
54,Dhruv,dhruv@example.com,"City, Historical",Male,2,0
55,Aanya,aanya@example.com,"Beaches, Historical",Female,2,0
56,Aditya,aditya@example.com,"Nature, Adventure",Male,1,1
57,Aarav,aarav@example.com,"City, Historical",Male,2,0
58,Aarav,aarav@example.com,"Beaches, Historical",Male,1,2
59,Arjun,arjun@example.com,"Nature, Adventure",Male,1,1
60,Hitesh,hitesh@example.com,"City, Historical",Male,2,1
61,Dhruv,dhruv@example.com,"Beaches, Historical",Male,2,2
62,Aarav,aarav@example.com,"Nature, Adventure",Male,1,0
63,Arjun,arjun@example.com,"City, Historical",Male,2,0
64,Vivaan,vivaan@example.com,"Beaches, Historical",Male,1,1
65,Pooja,pooja@example.com,"Nature, Adventure",Female,2,1
66,Aarav,aarav@example.com,"City, Historical",Male,1,2
67,Tanvi,tanvi@example.com,"Beaches, Historical",Female,1,0
68,Rohan,rohan@example.com,"Nature, Adventure",Male,1,0
69,Arjun,arjun@example.com,"City, Historical",Male,1,0
70,Rohan,rohan@example.com,"Beaches, Historical",Male,1,2
71,Kavya,kavya@example.com,"Nature, Adventure",Female,2,2
72,Aarav,aarav@example.com,"City, Historical",Male,2,1
73,Aanya,aanya@example.com,"Beaches, Historical",Female,1,1
74,Hitesh,hitesh@example.com,"Nature, Adventure",Male,1,1
75,Rohan,rohan@example.com,"City, Historical",Male,1,1
76,Anika,anika@example.com,"Beaches, Historical",Female,2,0
77,Arjun,arjun@example.com,"Nature, Adventure",Male,2,0
78,Aditya,aditya@example.com,"City, Historical",Male,1,0
79,Dhruv,dhruv@example.com,"Beaches, Historical",Male,2,0
80,Diya,diya@example.com,"Nature, Adventure",Female,1,2
81,Isha,isha@example.com,"City, Historical",Female,1,2
82,Ishaan,ishaan@example.com,"Beaches, Historical",Male,2,0
83,Tanvi,tanvi@example.com,"Nature, Adventure",Female,1,1
84,Meera,meera@example.com,"City, Historical",Female,2,0
85,Saanvi,saanvi@example.com,"Beaches, Historical",Female,2,1
86,Karan,karan@example.com,"Nature, Adventure",Male,2,2
87,Ishaan,ishaan@example.com,"City, Historical",Male,2,2
88,Dhruv,dhruv@example.com,"Beaches, Historical",Male,2,1
89,Karan,karan@example.com,"Nature, Adventure",Male,2,0
90,Isha,isha@example.com,"City, Historical",Female,1,0
91,Ishaan,ishaan@example.com,"Beaches, Historical",Male,2,1
92,Tanvi,tanvi@example.com,"Nature, Adventure",Female,2,0
93,Meera,meera@example.com,"City, Historical",Female,1,0
94,Rohan,rohan@example.com,"Beaches, Historical",Male,1,2
95,Kavya,kavya@example.com,"Nature, Adventure",Female,2,1
96,Aarav,aarav@example.com,"City, Historical",Male,1,0
97,Dhruv,dhruv@example.com,"Beaches, Historical",Male,1,2
98,Arjun,arjun@example.com,"Nature, Adventure",Male,2,0
99,Ishaan,ishaan@example.com,"City, Historical",Male,2,0
100,Tanvi,tanvi@example.com,"Beaches, Historical",Female,1,1
101,Aanya,aanya@example.com,"Nature, Adventure",Female,2,0
102,Tanvi,tanvi@example.com,"City, Historical",Female,1,2
103,Aanya,aanya@example.com,"Beaches, Historical",Female,1,0
104,Ishaan,ishaan@example.com,"Nature, Adventure",Male,2,1
105,Rohan,rohan@example.com,"City, Historical",Male,1,0
106,Ishaan,ishaan@example.com,"Beaches, Historical",Male,1,0
107,Riya,riya@example.com,"Nature, Adventure",Female,1,1
108,Aarav,aarav@example.com,"City, Historical",Male,2,0
109,Meera,meera@example.com,"Beaches, Historical",Female,2,0
110,Anika,anika@example.com,"Nature, Adventure",Female,1,1
111,Hitesh,hitesh@example.com,"City, Historical",Male,2,0
112,Karan,karan@example.com,"Beaches, Historical",Male,1,2
113,Aditya,aditya@example.com,"Nature, Adventure",Male,1,0
114,Hitesh,hitesh@example.com,"City, Historical",Male,1,0
115,Meera,meera@example.com,"Beaches, Historical",Female,1,1
116,Arjun,arjun@example.com,"Nature, Adventure",Male,1,1
117,Aarav,aarav@example.com,"City, Historical",Male,2,1
118,Arjun,arjun@example.com,"Beaches, Historical",Male,1,1
119,Ritvik,ritvik@example.com,"Nature, Adventure",Male,2,0
120,Rohan,rohan@example.com,"City, Historical",Male,1,2
121,Isha,isha@example.com,"Beaches, Historical",Female,2,2
122,Ishaan,ishaan@example.com,"Nature, Adventure",Male,2,2
123,Diya,diya@example.com,"City, Historical",Female,2,1
124,Rohan,rohan@example.com,"Beaches, Historical",Male,2,0
125,Diya,diya@example.com,"Nature, Adventure",Female,2,0
126,Isha,isha@example.com,"City, Historical",Female,1,0
127,Diya,diya@example.com,"Beaches, Historical",Female,2,2
128,Rohan,rohan@example.com,"Nature, Adventure",Male,2,2
129,Aarav,aarav@example.com,"City, Historical",Male,2,1
130,Arjun,arjun@example.com,"Beaches, Historical",Male,2,2
131,Riya,riya@example.com,"Nature, Adventure",Female,1,2
132,Meera,meera@example.com,"City, Historical",Female,2,2
133,Ritvik,ritvik@example.com,"Beaches, Historical",Male,2,2
134,Anika,anika@example.com,"Nature, Adventure",Female,1,0
135,Meera,meera@example.com,"City, Historical",Female,1,2
136,Arjun,arjun@example.com,"Beaches, Historical",Male,2,2
137,Tanvi,tanvi@example.com,"Nature, Adventure",Female,1,2
138,Aanya,aanya@example.com,"City, Historical",Female,1,2
139,Aditya,aditya@example.com,"Beaches, Historical",Male,1,2
140,Meera,meera@example.com,"Nature, Adventure",Female,1,2
141,Meera,meera@example.com,"City, Historical",Female,2,1
142,Dhruv,dhruv@example.com,"Beaches, Historical",Male,2,1
143,Aarav,aarav@example.com,"Nature, Adventure",Male,1,0
144,Isha,isha@example.com,"City, Historical",Female,1,1
145,Ritvik,ritvik@example.com,"Beaches, Historical",Male,2,0
146,Meera,meera@example.com,"Nature, Adventure",Female,1,1
147,Riya,riya@example.com,"City, Historical",Female,2,1
148,Rohan,rohan@example.com,"Beaches, Historical",Male,2,1
149,Ishaan,ishaan@example.com,"Nature, Adventure",Male,2,0
150,Aarav,aarav@example.com,"City, Historical",Male,2,0
151,Isha,isha@example.com,"Beaches, Historical",Female,1,1
152,Rohan,rohan@example.com,"Nature, Adventure",Male,1,1
153,Meera,meera@example.com,"City, Historical",Female,1,0
154,Kavya,kavya@example.com,"Beaches, Historical",Female,2,0
155,Vivaan,vivaan@example.com,"Nature, Adventure",Male,1,1
156,Anika,anika@example.com,"City, Historical",Female,2,1
157,Meera,meera@example.com,"Beaches, Historical",Female,2,1
158,Ishaan,ishaan@example.com,"Nature, Adventure",Male,2,1
159,Ishaan,ishaan@example.com,"City, Historical",Male,1,0
160,Aanya,aanya@example.com,"Beaches, Historical",Female,2,2
161,Meera,meera@example.com,"Nature, Adventure",Female,1,0
162,Aditya,aditya@example.com,"City, Historical",Male,1,0
163,Diya,diya@example.com,"Beaches, Historical",Female,2,2
164,Vivaan,vivaan@example.com,"Nature, Adventure",Male,1,2
165,Arjun,arjun@example.com,"City, Historical",Male,2,0
166,Hitesh,hitesh@example.com,"Beaches, Historical",Male,2,0
167,Vivaan,vivaan@example.com,"Nature, Adventure",Male,1,2
168,Riya,riya@example.com,"City, Historical",Female,1,2
169,Anika,anika@example.com,"Beaches, Historical",Female,2,2
170,Tanvi,tanvi@example.com,"Nature, Adventure",Female,1,0
171,Hitesh,hitesh@example.com,"City, Historical",Male,2,1
172,Dhruv,dhruv@example.com,"Beaches, Historical",Male,1,2
173,Rohan,rohan@example.com,"Nature, Adventure",Male,2,1
174,Hitesh,hitesh@example.com,"City, Historical",Male,1,1
175,Dhruv,dhruv@example.com,"Beaches, Historical",Male,2,0
176,Vivaan,vivaan@example.com,"Nature, Adventure",Male,1,0
177,Karan,karan@example.com,"City, Historical",Male,2,1
178,Pooja,pooja@example.com,"Beaches, Historical",Female,1,0
179,Ishaan,ishaan@example.com,"Nature, Adventure",Male,1,2
180,Saanvi,saanvi@example.com,"City, Historical",Female,1,2
181,Aarav,aarav@example.com,"Beaches, Historical",Male,2,1
182,Ritvik,ritvik@example.com,"Nature, Adventure",Male,1,1
183,Vivaan,vivaan@example.com,"City, Historical",Male,2,2
184,Ishaan,ishaan@example.com,"Beaches, Historical",Male,1,2
185,Meera,meera@example.com,"Nature, Adventure",Female,2,1
186,Vivaan,vivaan@example.com,"City, Historical",Male,1,2
187,Isha,isha@example.com,"Beaches, Historical",Female,1,0
188,Kavya,kavya@example.com,"Nature, Adventure",Female,1,0
189,Meera,meera@example.com,"City, Historical",Female,1,1
190,Anika,anika@example.com,"Beaches, Historical",Female,1,0
191,Karan,karan@example.com,"Nature, Adventure",Male,2,1
192,Aarav,aarav@example.com,"City, Historical",Male,1,0
193,Meera,meera@example.com,"Beaches, Historical",Female,1,0
194,Aanya,aanya@example.com,"Nature, Adventure",Female,2,1
195,Rohan,rohan@example.com,"City, Historical",Male,1,2
196,Hitesh,hitesh@example.com,"Beaches, Historical",Male,1,1
197,Anika,anika@example.com,"Nature, Adventure",Female,1,1
198,Vivaan,vivaan@example.com,"City, Historical",Male,2,2
199,Vivaan,vivaan@example.com,"Beaches, Historical",Male,1,0
200,Aditya,aditya@example.com,"Nature, Adventure",Male,1,1
201,Rohan,rohan@example.com,"City, Historical",Male,2,1
202,Ishaan,ishaan@example.com,"Beaches, Historical",Male,1,1
203,Isha,isha@example.com,"Nature, Adventure",Female,2,0
204,Ishaan,ishaan@example.com,"City, Historical",Male,1,0
205,Riya,riya@example.com,"Beaches, Historical",Female,1,2
206,Riya,riya@example.com,"Nature, Adventure",Female,2,1
207,Ritvik,ritvik@example.com,"City, Historical",Male,2,2
208,Karan,karan@example.com,"Beaches, Historical",Male,1,2
209,Hitesh,hitesh@example.com,"Nature, Adventure",Male,1,1
210,Rohan,rohan@example.com,"City, Historical",Male,1,1
211,Anika,anika@example.com,"Beaches, Historical",Female,2,2
212,Tanvi,tanvi@example.com,"Nature, Adventure",Female,2,0
213,Aarav,aarav@example.com,"City, Historical",Male,1,2
214,Aditya,aditya@example.com,"Beaches, Historical",Male,1,0
215,Riya,riya@example.com,"Nature, Adventure",Female,1,0
216,Meera,meera@example.com,"City, Historical",Female,1,2
217,Ishaan,ishaan@example.com,"Beaches, Historical",Male,1,1
218,Saanvi,saanvi@example.com,"Nature, Adventure",Female,2,2
219,Kavya,kavya@example.com,"City, Historical",Female,1,2
220,Aanya,aanya@example.com,"Beaches, Historical",Female,2,0
221,Aditya,aditya@example.com,"Nature, Adventure",Male,1,2
222,Rohan,rohan@example.com,"City, Historical",Male,1,1
223,Aanya,aanya@example.com,"Beaches, Historical",Female,1,2
224,Ishaan,ishaan@example.com,"Nature, Adventure",Male,2,2
225,Isha,isha@example.com,"City, Historical",Female,2,0
226,Tanvi,tanvi@example.com,"Beaches, Historical",Female,2,1
227,Aditya,aditya@example.com,"Nature, Adventure",Male,1,1
228,Kavya,kavya@example.com,"City, Historical",Female,1,0
229,Ritvik,ritvik@example.com,"Beaches, Historical",Male,2,1
230,Kavya,kavya@example.com,"Nature, Adventure",Female,2,1
231,Aanya,aanya@example.com,"City, Historical",Female,2,2
232,Ishaan,ishaan@example.com,"Beaches, Historical",Male,2,0
233,Aarav,aarav@example.com,"Nature, Adventure",Male,1,1
234,Ritvik,ritvik@example.com,"City, Historical",Male,1,0
235,Dhruv,dhruv@example.com,"Beaches, Historical",Male,1,2
236,Karan,karan@example.com,"Nature, Adventure",Male,2,1
237,Pooja,pooja@example.com,"City, Historical",Female,2,0
238,Anika,anika@example.com,"Beaches, Historical",Female,1,1
239,Aarav,aarav@example.com,"Nature, Adventure",Male,2,0
240,Tanvi,tanvi@example.com,"City, Historical",Female,1,2
241,Diya,diya@example.com,"Beaches, Historical",Female,1,2
242,Isha,isha@example.com,"Nature, Adventure",Female,2,1
243,Saanvi,saanvi@example.com,"City, Historical",Female,1,1
244,Karan,karan@example.com,"Beaches, Historical",Male,2,0
245,Aarav,aarav@example.com,"Nature, Adventure",Male,2,1
246,Anika,anika@example.com,"City, Historical",Female,2,2
247,Pooja,pooja@example.com,"Beaches, Historical",Female,2,2
248,Meera,meera@example.com,"Nature, Adventure",Female,1,2
249,Aarav,aarav@example.com,"City, Historical",Male,1,1
250,Ishaan,ishaan@example.com,"Beaches, Historical",Male,1,0
251,Aanya,aanya@example.com,"Nature, Adventure",Female,2,2
252,Arjun,arjun@example.com,"City, Historical",Male,2,2
253,Karan,karan@example.com,"Beaches, Historical",Male,2,1
254,Riya,riya@example.com,"Nature, Adventure",Female,1,1
255,Diya,diya@example.com,"City, Historical",Female,2,1
256,Hitesh,hitesh@example.com,"Beaches, Historical",Male,2,1
257,Diya,diya@example.com,"Nature, Adventure",Female,2,0
258,Hitesh,hitesh@example.com,"City, Historical",Male,2,1
259,Vivaan,vivaan@example.com,"Beaches, Historical",Male,1,0
260,Isha,isha@example.com,"Nature, Adventure",Female,1,0
261,Ishaan,ishaan@example.com,"City, Historical",Male,2,2
262,Kavya,kavya@example.com,"Beaches, Historical",Female,2,2
263,Ishaan,ishaan@example.com,"Nature, Adventure",Male,1,1
264,Saanvi,saanvi@example.com,"City, Historical",Female,1,2
265,Dhruv,dhruv@example.com,"Beaches, Historical",Male,1,0
266,Vivaan,vivaan@example.com,"Nature, Adventure",Male,2,1
267,Aanya,aanya@example.com,"City, Historical",Female,2,1
268,Meera,meera@example.com,"Beaches, Historical",Female,1,1
269,Aarav,aarav@example.com,"Nature, Adventure",Male,2,1
270,Dhruv,dhruv@example.com,"City, Historical",Male,2,2
271,Ritvik,ritvik@example.com,"Beaches, Historical",Male,2,1
272,Arjun,arjun@example.com,"Nature, Adventure",Male,2,0
273,Arjun,arjun@example.com,"City, Historical",Male,2,1
274,Aarav,aarav@example.com,"Beaches, Historical",Male,1,2
275,Meera,meera@example.com,"Nature, Adventure",Female,1,0
276,Ritvik,ritvik@example.com,"City, Historical",Male,1,2
277,Aditya,aditya@example.com,"Beaches, Historical",Male,2,2
278,Ishaan,ishaan@example.com,"Nature, Adventure",Male,1,2
279,Ishaan,ishaan@example.com,"City, Historical",Male,2,2
280,Saanvi,saanvi@example.com,"Beaches, Historical",Female,1,1
281,Aarav,aarav@example.com,"Nature, Adventure",Male,2,2
282,Dhruv,dhruv@example.com,"City, Historical",Male,2,1
283,Anika,anika@example.com,"Beaches, Historical",Female,1,1
284,Saanvi,saanvi@example.com,"Nature, Adventure",Female,1,2
285,Isha,isha@example.com,"City, Historical",Female,1,0
286,Vivaan,vivaan@example.com,"Beaches, Historical",Male,2,2
287,Isha,isha@example.com,"Nature, Adventure",Female,1,2
288,Isha,isha@example.com,"City, Historical",Female,1,1
289,Arjun,arjun@example.com,"Beaches, Historical",Male,2,1
290,Riya,riya@example.com,"Nature, Adventure",Female,2,1
291,Arjun,arjun@example.com,"City, Historical",Male,2,1
292,Rohan,rohan@example.com,"Beaches, Historical",Male,2,2
293,Kavya,kavya@example.com,"Nature, Adventure",Female,1,0
294,Aditya,aditya@example.com,"City, Historical",Male,2,0
295,Hitesh,hitesh@example.com,"Beaches, Historical",Male,1,0
296,Vivaan,vivaan@example.com,"Nature, Adventure",Male,1,0
297,Hitesh,hitesh@example.com,"City, Historical",Male,1,1
298,Riya,riya@example.com,"Beaches, Historical",Female,1,2
299,Isha,isha@example.com,"Nature, Adventure",Female,2,1
300,Saanvi,saanvi@example.com,"City, Historical",Female,2,1
301,Diya,diya@example.com,"Beaches, Historical",Female,2,2
302,Ishaan,ishaan@example.com,"Nature, Adventure",Male,1,2
303,Riya,riya@example.com,"City, Historical",Female,2,2
304,Hitesh,hitesh@example.com,"Beaches, Historical",Male,1,1
305,Aanya,aanya@example.com,"Nature, Adventure",Female,1,0
306,Meera,meera@example.com,"City, Historical",Female,2,1
307,Pooja,pooja@example.com,"Beaches, Historical",Female,2,1
308,Saanvi,saanvi@example.com,"Nature, Adventure",Female,2,2
309,Diya,diya@example.com,"City, Historical",Female,2,1
310,Vivaan,vivaan@example.com,"Beaches, Historical",Male,2,0
311,Diya,diya@example.com,"Nature, Adventure",Female,2,0
312,Ishaan,ishaan@example.com,"City, Historical",Male,1,1
313,Isha,isha@example.com,"Beaches, Historical",Female,1,2
314,Kavya,kavya@example.com,"Nature, Adventure",Female,2,1
315,Arjun,arjun@example.com,"City, Historical",Male,2,0
316,Meera,meera@example.com,"Beaches, Historical",Female,2,0
317,Dhruv,dhruv@example.com,"Nature, Adventure",Male,2,1
318,Diya,diya@example.com,"City, Historical",Female,2,0
319,Pooja,pooja@example.com,"Beaches, Historical",Female,2,1
320,Aanya,aanya@example.com,"Nature, Adventure",Female,2,0
321,Tanvi,tanvi@example.com,"City, Historical",Female,2,2
322,Aanya,aanya@example.com,"Beaches, Historical",Female,2,0
323,Rohan,rohan@example.com,"Nature, Adventure",Male,2,1
324,Rohan,rohan@example.com,"City, Historical",Male,1,1
325,Hitesh,hitesh@example.com,"Beaches, Historical",Male,1,2
326,Diya,diya@example.com,"Nature, Adventure",Female,1,0
327,Pooja,pooja@example.com,"City, Historical",Female,1,1
328,Saanvi,saanvi@example.com,"Beaches, Historical",Female,2,0
329,Vivaan,vivaan@example.com,"Nature, Adventure",Male,2,2
330,Aanya,aanya@example.com,"City, Historical",Female,2,1
331,Rohan,rohan@example.com,"Beaches, Historical",Male,1,2
332,Riya,riya@example.com,"Nature, Adventure",Female,2,1
333,Anika,anika@example.com,"City, Historical",Female,2,0
334,Rohan,rohan@example.com,"Beaches, Historical",Male,2,1
335,Saanvi,saanvi@example.com,"Nature, Adventure",Female,2,2
336,Ritvik,ritvik@example.com,"City, Historical",Male,2,1
337,Aarav,aarav@example.com,"Beaches, Historical",Male,2,2
338,Rohan,rohan@example.com,"Nature, Adventure",Male,2,1
339,Riya,riya@example.com,"City, Historical",Female,1,2
340,Diya,diya@example.com,"Beaches, Historical",Female,1,0
341,Aditya,aditya@example.com,"Nature, Adventure",Male,1,1
342,Hitesh,hitesh@example.com,"City, Historical",Male,1,0
343,Saanvi,saanvi@example.com,"Beaches, Historical",Female,2,1
344,Ritvik,ritvik@example.com,"Nature, Adventure",Male,2,1
345,Karan,karan@example.com,"City, Historical",Male,1,0
346,Hitesh,hitesh@example.com,"Beaches, Historical",Male,2,2
347,Saanvi,saanvi@example.com,"Nature, Adventure",Female,1,0
348,Anika,anika@example.com,"City, Historical",Female,1,0
349,Tanvi,tanvi@example.com,"Beaches, Historical",Female,2,1
350,Aditya,aditya@example.com,"Nature, Adventure",Male,1,2
351,Vivaan,vivaan@example.com,"City, Historical",Male,2,2
352,Kavya,kavya@example.com,"Beaches, Historical",Female,1,0
353,Isha,isha@example.com,"Nature, Adventure",Female,2,0
354,Meera,meera@example.com,"City, Historical",Female,1,2
355,Kavya,kavya@example.com,"Beaches, Historical",Female,1,0
356,Ishaan,ishaan@example.com,"Nature, Adventure",Male,1,1
357,Riya,riya@example.com,"City, Historical",Female,1,1
358,Anika,anika@example.com,"Beaches, Historical",Female,2,0
359,Ishaan,ishaan@example.com,"Nature, Adventure",Male,2,1
360,Isha,isha@example.com,"City, Historical",Female,2,2
361,Aanya,aanya@example.com,"Beaches, Historical",Female,1,0
362,Aarav,aarav@example.com,"Nature, Adventure",Male,2,1
363,Anika,anika@example.com,"City, Historical",Female,1,0
364,Aanya,aanya@example.com,"Beaches, Historical",Female,2,2
365,Vivaan,vivaan@example.com,"Nature, Adventure",Male,1,1
366,Aanya,aanya@example.com,"City, Historical",Female,1,2
367,Aanya,aanya@example.com,"Beaches, Historical",Female,1,0
368,Ritvik,ritvik@example.com,"Nature, Adventure",Male,1,0
369,Rohan,rohan@example.com,"City, Historical",Male,2,1
370,Pooja,pooja@example.com,"Beaches, Historical",Female,2,2
371,Ritvik,ritvik@example.com,"Nature, Adventure",Male,2,0
372,Pooja,pooja@example.com,"City, Historical",Female,1,2
373,Hitesh,hitesh@example.com,"Beaches, Historical",Male,2,2
374,Meera,meera@example.com,"Nature, Adventure",Female,1,1
375,Isha,isha@example.com,"City, Historical",Female,1,2
376,Kavya,kavya@example.com,"Beaches, Historical",Female,2,0
377,Isha,isha@example.com,"Nature, Adventure",Female,2,0
378,Isha,isha@example.com,"City, Historical",Female,2,1
379,Isha,isha@example.com,"Beaches, Historical",Female,1,2
380,Aditya,aditya@example.com,"Nature, Adventure",Male,2,0
381,Meera,meera@example.com,"City, Historical",Female,2,0
382,Kavya,kavya@example.com,"Beaches, Historical",Female,1,1
383,Kavya,kavya@example.com,"Nature, Adventure",Female,2,2
384,Arjun,arjun@example.com,"City, Historical",Male,1,2
385,Pooja,pooja@example.com,"Beaches, Historical",Female,2,2
386,Hitesh,hitesh@example.com,"Nature, Adventure",Male,2,0
387,Arjun,arjun@example.com,"City, Historical",Male,1,0
388,Aditya,aditya@example.com,"Beaches, Historical",Male,1,1
389,Aanya,aanya@example.com,"Nature, Adventure",Female,2,0
390,Arjun,arjun@example.com,"City, Historical",Male,2,1
391,Tanvi,tanvi@example.com,"Beaches, Historical",Female,1,1
392,Karan,karan@example.com,"Nature, Adventure",Male,2,2
393,Meera,meera@example.com,"City, Historical",Female,2,1
394,Anika,anika@example.com,"Beaches, Historical",Female,2,2
395,Karan,karan@example.com,"Nature, Adventure",Male,2,2
396,Tanvi,tanvi@example.com,"City, Historical",Female,2,0
397,Anika,anika@example.com,"Beaches, Historical",Female,2,0
398,Anika,anika@example.com,"Nature, Adventure",Female,1,1
399,Dhruv,dhruv@example.com,"City, Historical",Male,1,1
400,Aanya,aanya@example.com,"Beaches, Historical",Female,2,1
401,Aarav,aarav@example.com,"Nature, Adventure",Male,1,1
402,Dhruv,dhruv@example.com,"City, Historical",Male,2,0
403,Rohan,rohan@example.com,"Beaches, Historical",Male,1,1
404,Aditya,aditya@example.com,"Nature, Adventure",Male,1,2
405,Hitesh,hitesh@example.com,"City, Historical",Male,2,0
406,Ritvik,ritvik@example.com,"Beaches, Historical",Male,2,2
407,Riya,riya@example.com,"Nature, Adventure",Female,2,1
408,Ishaan,ishaan@example.com,"City, Historical",Male,2,0
409,Dhruv,dhruv@example.com,"Beaches, Historical",Male,2,2
410,Ritvik,ritvik@example.com,"Nature, Adventure",Male,1,0
411,Dhruv,dhruv@example.com,"City, Historical",Male,2,2
412,Riya,riya@example.com,"Beaches, Historical",Female,2,0
413,Meera,meera@example.com,"Nature, Adventure",Female,2,2
414,Aanya,aanya@example.com,"City, Historical",Female,1,2
415,Arjun,arjun@example.com,"Beaches, Historical",Male,1,2
416,Diya,diya@example.com,"Nature, Adventure",Female,2,0
417,Karan,karan@example.com,"City, Historical",Male,2,2
418,Pooja,pooja@example.com,"Beaches, Historical",Female,1,2
419,Rohan,rohan@example.com,"Nature, Adventure",Male,2,1
420,Saanvi,saanvi@example.com,"City, Historical",Female,2,2
421,Saanvi,saanvi@example.com,"Beaches, Historical",Female,2,1
422,Meera,meera@example.com,"Nature, Adventure",Female,1,0
423,Aarav,aarav@example.com,"City, Historical",Male,1,2
424,Riya,riya@example.com,"Beaches, Historical",Female,1,0
425,Aarav,aarav@example.com,"Nature, Adventure",Male,2,1
426,Anika,anika@example.com,"City, Historical",Female,1,1
427,Aanya,aanya@example.com,"Beaches, Historical",Female,1,0
428,Anika,anika@example.com,"Nature, Adventure",Female,1,2
429,Anika,anika@example.com,"City, Historical",Female,1,0
430,Vivaan,vivaan@example.com,"Beaches, Historical",Male,1,1
431,Arjun,arjun@example.com,"Nature, Adventure",Male,1,1
432,Aditya,aditya@example.com,"City, Historical",Male,2,2
433,Pooja,pooja@example.com,"Beaches, Historical",Female,2,1
434,Tanvi,tanvi@example.com,"Nature, Adventure",Female,2,2
435,Hitesh,hitesh@example.com,"City, Historical",Male,1,2
436,Aanya,aanya@example.com,"Beaches, Historical",Female,1,2
437,Arjun,arjun@example.com,"Nature, Adventure",Male,2,1
438,Pooja,pooja@example.com,"City, Historical",Female,2,0
439,Rohan,rohan@example.com,"Beaches, Historical",Male,2,0
440,Meera,meera@example.com,"Nature, Adventure",Female,1,1
441,Diya,diya@example.com,"City, Historical",Female,2,0
442,Tanvi,tanvi@example.com,"Beaches, Historical",Female,1,0
443,Rohan,rohan@example.com,"Nature, Adventure",Male,2,1
444,Riya,riya@example.com,"City, Historical",Female,1,0
445,Riya,riya@example.com,"Beaches, Historical",Female,2,1
446,Saanvi,saanvi@example.com,"Nature, Adventure",Female,2,2
447,Aarav,aarav@example.com,"City, Historical",Male,2,2
448,Ritvik,ritvik@example.com,"Beaches, Historical",Male,1,0
449,Aditya,aditya@example.com,"Nature, Adventure",Male,2,1
450,Pooja,pooja@example.com,"City, Historical",Female,1,2
451,Rohan,rohan@example.com,"Beaches, Historical",Male,1,1
452,Karan,karan@example.com,"Nature, Adventure",Male,2,1
453,Aanya,aanya@example.com,"City, Historical",Female,1,1
454,Hitesh,hitesh@example.com,"Beaches, Historical",Male,2,0
455,Diya,diya@example.com,"Nature, Adventure",Female,1,2
456,Pooja,pooja@example.com,"City, Historical",Female,1,0
457,Pooja,pooja@example.com,"Beaches, Historical",Female,2,1
458,Vivaan,vivaan@example.com,"Nature, Adventure",Male,1,2
459,Meera,meera@example.com,"City, Historical",Female,1,0
460,Dhruv,dhruv@example.com,"Beaches, Historical",Male,1,2
461,Saanvi,saanvi@example.com,"Nature, Adventure",Female,1,0
462,Aditya,aditya@example.com,"City, Historical",Male,1,1
463,Karan,karan@example.com,"Beaches, Historical",Male,1,2
464,Meera,meera@example.com,"Nature, Adventure",Female,1,1
465,Aditya,aditya@example.com,"City, Historical",Male,1,1
466,Isha,isha@example.com,"Beaches, Historical",Female,1,2
467,Karan,karan@example.com,"Nature, Adventure",Male,2,2
468,Aditya,aditya@example.com,"City, Historical",Male,1,0
469,Ishaan,ishaan@example.com,"Beaches, Historical",Male,2,0
470,Arjun,arjun@example.com,"Nature, Adventure",Male,2,1
471,Arjun,arjun@example.com,"City, Historical",Male,1,0
472,Meera,meera@example.com,"Beaches, Historical",Female,2,2
473,Ishaan,ishaan@example.com,"Nature, Adventure",Male,2,2
474,Ritvik,ritvik@example.com,"City, Historical",Male,2,2
475,Karan,karan@example.com,"Beaches, Historical",Male,1,1
476,Anika,anika@example.com,"Nature, Adventure",Female,1,0
477,Saanvi,saanvi@example.com,"City, Historical",Female,2,0
478,Arjun,arjun@example.com,"Beaches, Historical",Male,2,0
479,Ishaan,ishaan@example.com,"Nature, Adventure",Male,2,0
480,Riya,riya@example.com,"City, Historical",Female,2,0
481,Diya,diya@example.com,"Beaches, Historical",Female,1,0
482,Isha,isha@example.com,"Nature, Adventure",Female,2,0
483,Pooja,pooja@example.com,"City, Historical",Female,1,1
484,Saanvi,saanvi@example.com,"Beaches, Historical",Female,2,0
485,Aanya,aanya@example.com,"Nature, Adventure",Female,1,0
486,Aarav,aarav@example.com,"City, Historical",Male,1,0
487,Pooja,pooja@example.com,"Beaches, Historical",Female,1,1
488,Anika,anika@example.com,"Nature, Adventure",Female,1,0
489,Rohan,rohan@example.com,"City, Historical",Male,2,1
490,Isha,isha@example.com,"Beaches, Historical",Female,2,1
491,Aanya,aanya@example.com,"Nature, Adventure",Female,2,1
492,Tanvi,tanvi@example.com,"City, Historical",Female,2,2
493,Aditya,aditya@example.com,"Beaches, Historical",Male,2,0
494,Aanya,aanya@example.com,"Nature, Adventure",Female,1,2
495,Aanya,aanya@example.com,"City, Historical",Female,2,0
496,Arjun,arjun@example.com,"Beaches, Historical",Male,1,1
497,Aarav,aarav@example.com,"Nature, Adventure",Male,2,1
498,Dhruv,dhruv@example.com,"City, Historical",Male,1,0
499,Aarav,aarav@example.com,"Beaches, Historical",Male,2,0
500,Kavya,kavya@example.com,"Nature, Adventure",Female,1,1
501,Arjun,arjun@example.com,"City, Historical",Male,2,0
502,Kavya,kavya@example.com,"Beaches, Historical",Female,2,0
503,Dhruv,dhruv@example.com,"Nature, Adventure",Male,1,2
504,Isha,isha@example.com,"City, Historical",Female,1,1
505,Kavya,kavya@example.com,"Beaches, Historical",Female,1,2
506,Aanya,aanya@example.com,"Nature, Adventure",Female,2,1
507,Saanvi,saanvi@example.com,"City, Historical",Female,2,2
508,Aanya,aanya@example.com,"Beaches, Historical",Female,2,0
509,Hitesh,hitesh@example.com,"Nature, Adventure",Male,1,0
510,Isha,isha@example.com,"City, Historical",Female,1,1
511,Karan,karan@example.com,"Beaches, Historical",Male,2,1
512,Ritvik,ritvik@example.com,"Nature, Adventure",Male,1,1
513,Vivaan,vivaan@example.com,"City, Historical",Male,1,2
514,Pooja,pooja@example.com,"Beaches, Historical",Female,2,1
515,Arjun,arjun@example.com,"Nature, Adventure",Male,1,0
516,Aditya,aditya@example.com,"City, Historical",Male,1,1
517,Vivaan,vivaan@example.com,"Beaches, Historical",Male,1,0
518,Tanvi,tanvi@example.com,"Nature, Adventure",Female,2,2
519,Ritvik,ritvik@example.com,"City, Historical",Male,1,0
520,Isha,isha@example.com,"Beaches, Historical",Female,2,0
521,Rohan,rohan@example.com,"Nature, Adventure",Male,1,2
522,Kavya,kavya@example.com,"City, Historical",Female,2,0
523,Aarav,aarav@example.com,"Beaches, Historical",Male,1,2
524,Diya,diya@example.com,"Nature, Adventure",Female,2,2
525,Saanvi,saanvi@example.com,"City, Historical",Female,2,2
526,Ishaan,ishaan@example.com,"Beaches, Historical",Male,1,0
527,Karan,karan@example.com,"Nature, Adventure",Male,1,2
528,Isha,isha@example.com,"City, Historical",Female,2,1
529,Meera,meera@example.com,"Beaches, Historical",Female,1,0
530,Anika,anika@example.com,"Nature, Adventure",Female,2,0
531,Aanya,aanya@example.com,"City, Historical",Female,1,1
532,Riya,riya@example.com,"Beaches, Historical",Female,2,1
533,Riya,riya@example.com,"Nature, Adventure",Female,1,1
534,Aanya,aanya@example.com,"City, Historical",Female,1,1
535,Aanya,aanya@example.com,"Beaches, Historical",Female,1,2
536,Kavya,kavya@example.com,"Nature, Adventure",Female,1,0
537,Hitesh,hitesh@example.com,"City, Historical",Male,2,0
538,Anika,anika@example.com,"Beaches, Historical",Female,2,1
539,Aarav,aarav@example.com,"Nature, Adventure",Male,1,2
540,Aanya,aanya@example.com,"City, Historical",Female,2,2
541,Tanvi,tanvi@example.com,"Beaches, Historical",Female,1,1
542,Pooja,pooja@example.com,"Nature, Adventure",Female,2,1
543,Kavya,kavya@example.com,"City, Historical",Female,2,1
544,Pooja,pooja@example.com,"Beaches, Historical",Female,1,1
545,Ritvik,ritvik@example.com,"Nature, Adventure",Male,2,2
546,Pooja,pooja@example.com,"City, Historical",Female,1,0
547,Isha,isha@example.com,"Beaches, Historical",Female,1,2
548,Dhruv,dhruv@example.com,"Nature, Adventure",Male,1,0
549,Ritvik,ritvik@example.com,"City, Historical",Male,1,0
550,Ritvik,ritvik@example.com,"Beaches, Historical",Male,1,0
551,Dhruv,dhruv@example.com,"Nature, Adventure",Male,2,2
552,Saanvi,saanvi@example.com,"City, Historical",Female,2,1
553,Meera,meera@example.com,"Beaches, Historical",Female,1,1
554,Kavya,kavya@example.com,"Nature, Adventure",Female,1,2
555,Isha,isha@example.com,"City, Historical",Female,1,2
556,Aditya,aditya@example.com,"Beaches, Historical",Male,1,0
557,Ishaan,ishaan@example.com,"Nature, Adventure",Male,2,2
558,Dhruv,dhruv@example.com,"City, Historical",Male,2,0
559,Ishaan,ishaan@example.com,"Beaches, Historical",Male,1,2
560,Tanvi,tanvi@example.com,"Nature, Adventure",Female,1,1
561,Vivaan,vivaan@example.com,"City, Historical",Male,2,1
562,Saanvi,saanvi@example.com,"Beaches, Historical",Female,1,1
563,Karan,karan@example.com,"Nature, Adventure",Male,2,2
564,Vivaan,vivaan@example.com,"City, Historical",Male,2,0
565,Ritvik,ritvik@example.com,"Beaches, Historical",Male,2,1
566,Karan,karan@example.com,"Nature, Adventure",Male,2,0
567,Kavya,kavya@example.com,"City, Historical",Female,2,1
568,Saanvi,saanvi@example.com,"Beaches, Historical",Female,2,0
569,Aanya,aanya@example.com,"Nature, Adventure",Female,2,2
570,Saanvi,saanvi@example.com,"City, Historical",Female,2,2
571,Riya,riya@example.com,"Beaches, Historical",Female,2,0
572,Meera,meera@example.com,"Nature, Adventure",Female,2,2
573,Hitesh,hitesh@example.com,"City, Historical",Male,2,0
574,Aarav,aarav@example.com,"Beaches, Historical",Male,1,2
575,Ritvik,ritvik@example.com,"Nature, Adventure",Male,1,2
576,Meera,meera@example.com,"City, Historical",Female,2,0
577,Aanya,aanya@example.com,"Beaches, Historical",Female,2,1
578,Tanvi,tanvi@example.com,"Nature, Adventure",Female,2,1
579,Aarav,aarav@example.com,"City, Historical",Male,2,1
580,Riya,riya@example.com,"Beaches, Historical",Female,1,0
581,Arjun,arjun@example.com,"Nature, Adventure",Male,1,1
582,Anika,anika@example.com,"City, Historical",Female,2,2
583,Arjun,arjun@example.com,"Beaches, Historical",Male,1,1
584,Rohan,rohan@example.com,"Nature, Adventure",Male,1,2
585,Hitesh,hitesh@example.com,"City, Historical",Male,2,1
586,Ritvik,ritvik@example.com,"Beaches, Historical",Male,1,1
587,Pooja,pooja@example.com,"Nature, Adventure",Female,2,0
588,Riya,riya@example.com,"City, Historical",Female,1,2
589,Arjun,arjun@example.com,"Beaches, Historical",Male,2,2
590,Ishaan,ishaan@example.com,"Nature, Adventure",Male,1,2
591,Hitesh,hitesh@example.com,"City, Historical",Male,1,1
592,Saanvi,saanvi@example.com,"Beaches, Historical",Female,2,1
593,Kavya,kavya@example.com,"Nature, Adventure",Female,1,0
594,Tanvi,tanvi@example.com,"City, Historical",Female,1,0
595,Diya,diya@example.com,"Beaches, Historical",Female,1,0
596,Aanya,aanya@example.com,"Nature, Adventure",Female,1,1
597,Aanya,aanya@example.com,"City, Historical",Female,1,0
598,Pooja,pooja@example.com,"Beaches, Historical",Female,2,2
599,Kavya,kavya@example.com,"Nature, Adventure",Female,1,0
600,Kavya,kavya@example.com,"City, Historical",Female,2,1
601,Ritvik,ritvik@example.com,"Beaches, Historical",Male,1,0
602,Meera,meera@example.com,"Nature, Adventure",Female,1,2
603,Ritvik,ritvik@example.com,"City, Historical",Male,2,2
604,Meera,meera@example.com,"Beaches, Historical",Female,2,2
605,Hitesh,hitesh@example.com,"Nature, Adventure",Male,2,1
606,Riya,riya@example.com,"City, Historical",Female,2,2
607,Aarav,aarav@example.com,"Beaches, Historical",Male,1,0
608,Ritvik,ritvik@example.com,"Nature, Adventure",Male,1,0
609,Meera,meera@example.com,"City, Historical",Female,2,2
610,Vivaan,vivaan@example.com,"Beaches, Historical",Male,1,1
611,Vivaan,vivaan@example.com,"Nature, Adventure",Male,2,2
612,Aanya,aanya@example.com,"City, Historical",Female,2,0
613,Aanya,aanya@example.com,"Beaches, Historical",Female,2,0
614,Kavya,kavya@example.com,"Nature, Adventure",Female,2,2
615,Rohan,rohan@example.com,"City, Historical",Male,1,1
616,Isha,isha@example.com,"Beaches, Historical",Female,1,0
617,Hitesh,hitesh@example.com,"Nature, Adventure",Male,2,1
618,Riya,riya@example.com,"City, Historical",Female,1,2
619,Aditya,aditya@example.com,"Beaches, Historical",Male,1,0
620,Aditya,aditya@example.com,"Nature, Adventure",Male,2,0
621,Aanya,aanya@example.com,"City, Historical",Female,2,0
622,Karan,karan@example.com,"Beaches, Historical",Male,2,0
623,Isha,isha@example.com,"Nature, Adventure",Female,1,0
624,Tanvi,tanvi@example.com,"City, Historical",Female,1,0
625,Vivaan,vivaan@example.com,"Beaches, Historical",Male,1,2
626,Rohan,rohan@example.com,"Nature, Adventure",Male,2,0
627,Rohan,rohan@example.com,"City, Historical",Male,2,0
628,Saanvi,saanvi@example.com,"Beaches, Historical",Female,1,2
629,Riya,riya@example.com,"Nature, Adventure",Female,2,0
630,Isha,isha@example.com,"City, Historical",Female,1,0
631,Riya,riya@example.com,"Beaches, Historical",Female,1,2
632,Aarav,aarav@example.com,"Nature, Adventure",Male,1,0
633,Karan,karan@example.com,"City, Historical",Male,2,0
634,Dhruv,dhruv@example.com,"Beaches, Historical",Male,2,2
635,Arjun,arjun@example.com,"Nature, Adventure",Male,1,0
636,Tanvi,tanvi@example.com,"City, Historical",Female,2,2
637,Ishaan,ishaan@example.com,"Beaches, Historical",Male,1,0
638,Dhruv,dhruv@example.com,"Nature, Adventure",Male,2,0
639,Ishaan,ishaan@example.com,"City, Historical",Male,1,2
640,Karan,karan@example.com,"Beaches, Historical",Male,1,1
641,Karan,karan@example.com,"Nature, Adventure",Male,2,2
642,Aanya,aanya@example.com,"City, Historical",Female,1,1
643,Vivaan,vivaan@example.com,"Beaches, Historical",Male,1,1
644,Tanvi,tanvi@example.com,"Nature, Adventure",Female,1,0
645,Tanvi,tanvi@example.com,"City, Historical",Female,1,2
646,Meera,meera@example.com,"Beaches, Historical",Female,1,1
647,Riya,riya@example.com,"Nature, Adventure",Female,2,1
648,Diya,diya@example.com,"City, Historical",Female,2,1
649,Dhruv,dhruv@example.com,"Beaches, Historical",Male,2,1
650,Aditya,aditya@example.com,"Nature, Adventure",Male,2,2
651,Aarav,aarav@example.com,"City, Historical",Male,2,0
652,Tanvi,tanvi@example.com,"Beaches, Historical",Female,2,0
653,Aarav,aarav@example.com,"Nature, Adventure",Male,2,1
654,Aanya,aanya@example.com,"City, Historical",Female,2,0
655,Kavya,kavya@example.com,"Beaches, Historical",Female,1,1
656,Ritvik,ritvik@example.com,"Nature, Adventure",Male,1,0
657,Dhruv,dhruv@example.com,"City, Historical",Male,1,0
658,Hitesh,hitesh@example.com,"Beaches, Historical",Male,1,2
659,Ishaan,ishaan@example.com,"Nature, Adventure",Male,2,1
660,Tanvi,tanvi@example.com,"City, Historical",Female,2,2
661,Saanvi,saanvi@example.com,"Beaches, Historical",Female,2,0
662,Kavya,kavya@example.com,"Nature, Adventure",Female,2,1
663,Aarav,aarav@example.com,"City, Historical",Male,1,1
664,Saanvi,saanvi@example.com,"Beaches, Historical",Female,2,1
665,Hitesh,hitesh@example.com,"Nature, Adventure",Male,1,1
666,Dhruv,dhruv@example.com,"City, Historical",Male,1,1
667,Vivaan,vivaan@example.com,"Beaches, Historical",Male,2,1
668,Dhruv,dhruv@example.com,"Nature, Adventure",Male,2,0
669,Aditya,aditya@example.com,"City, Historical",Male,2,1
670,Tanvi,tanvi@example.com,"Beaches, Historical",Female,1,0
671,Dhruv,dhruv@example.com,"Nature, Adventure",Male,2,2
672,Riya,riya@example.com,"City, Historical",Female,2,0
673,Anika,anika@example.com,"Beaches, Historical",Female,2,2
674,Aarav,aarav@example.com,"Nature, Adventure",Male,1,1
675,Saanvi,saanvi@example.com,"City, Historical",Female,2,0
676,Karan,karan@example.com,"Beaches, Historical",Male,2,0
677,Vivaan,vivaan@example.com,"Nature, Adventure",Male,2,0
678,Meera,meera@example.com,"City, Historical",Female,2,2
679,Ishaan,ishaan@example.com,"Beaches, Historical",Male,2,1
680,Aditya,aditya@example.com,"Nature, Adventure",Male,1,0
681,Aanya,aanya@example.com,"City, Historical",Female,1,2
682,Hitesh,hitesh@example.com,"Beaches, Historical",Male,2,0
683,Isha,isha@example.com,"Nature, Adventure",Female,1,0
684,Aditya,aditya@example.com,"City, Historical",Male,1,0
685,Aditya,aditya@example.com,"Beaches, Historical",Male,1,0
686,Ritvik,ritvik@example.com,"Nature, Adventure",Male,2,2
687,Aanya,aanya@example.com,"City, Historical",Female,1,1
688,Kavya,kavya@example.com,"Beaches, Historical",Female,2,1
689,Arjun,arjun@example.com,"Nature, Adventure",Male,1,0
690,Rohan,rohan@example.com,"City, Historical",Male,2,2
691,Isha,isha@example.com,"Beaches, Historical",Female,1,1
692,Dhruv,dhruv@example.com,"Nature, Adventure",Male,2,1
693,Aditya,aditya@example.com,"City, Historical",Male,2,0
694,Anika,anika@example.com,"Beaches, Historical",Female,1,0
695,Tanvi,tanvi@example.com,"Nature, Adventure",Female,2,2
696,Hitesh,hitesh@example.com,"City, Historical",Male,1,1
697,Aditya,aditya@example.com,"Beaches, Historical",Male,1,0
698,Hitesh,hitesh@example.com,"Nature, Adventure",Male,1,2
699,Aditya,aditya@example.com,"City, Historical",Male,2,2
700,Aarav,aarav@example.com,"Beaches, Historical",Male,1,2
701,Riya,riya@example.com,"Nature, Adventure",Female,2,1
702,Aarav,aarav@example.com,"City, Historical",Male,1,1
703,Vivaan,vivaan@example.com,"Beaches, Historical",Male,2,1
704,Aditya,aditya@example.com,"Nature, Adventure",Male,2,2
705,Aanya,aanya@example.com,"City, Historical",Female,1,2
706,Kavya,kavya@example.com,"Beaches, Historical",Female,2,0
707,Pooja,pooja@example.com,"Nature, Adventure",Female,2,0
708,Dhruv,dhruv@example.com,"City, Historical",Male,1,1
709,Karan,karan@example.com,"Beaches, Historical",Male,2,1
710,Diya,diya@example.com,"Nature, Adventure",Female,2,0
711,Hitesh,hitesh@example.com,"City, Historical",Male,2,1
712,Diya,diya@example.com,"Beaches, Historical",Female,2,0
713,Kavya,kavya@example.com,"Nature, Adventure",Female,2,0
714,Ishaan,ishaan@example.com,"City, Historical",Male,1,0
715,Pooja,pooja@example.com,"Beaches, Historical",Female,1,2
716,Pooja,pooja@example.com,"Nature, Adventure",Female,2,1
717,Kavya,kavya@example.com,"City, Historical",Female,2,2
718,Rohan,rohan@example.com,"Beaches, Historical",Male,2,1
719,Riya,riya@example.com,"Nature, Adventure",Female,2,2
720,Riya,riya@example.com,"City, Historical",Female,1,1
721,Ritvik,ritvik@example.com,"Beaches, Historical",Male,2,1
722,Pooja,pooja@example.com,"Nature, Adventure",Female,1,0
723,Aanya,aanya@example.com,"City, Historical",Female,1,2
724,Kavya,kavya@example.com,"Beaches, Historical",Female,2,2
725,Karan,karan@example.com,"Nature, Adventure",Male,1,1
726,Aditya,aditya@example.com,"City, Historical",Male,2,2
727,Aanya,aanya@example.com,"Beaches, Historical",Female,1,1
728,Kavya,kavya@example.com,"Nature, Adventure",Female,2,1
729,Diya,diya@example.com,"City, Historical",Female,2,0
730,Tanvi,tanvi@example.com,"Beaches, Historical",Female,1,1
731,Isha,isha@example.com,"Nature, Adventure",Female,2,2
732,Dhruv,dhruv@example.com,"City, Historical",Male,2,0
733,Kavya,kavya@example.com,"Beaches, Historical",Female,1,1
734,Ritvik,ritvik@example.com,"Nature, Adventure",Male,2,0
735,Riya,riya@example.com,"City, Historical",Female,1,0
736,Dhruv,dhruv@example.com,"Beaches, Historical",Male,1,1
737,Isha,isha@example.com,"Nature, Adventure",Female,1,2
738,Anika,anika@example.com,"City, Historical",Female,1,1
739,Arjun,arjun@example.com,"Beaches, Historical",Male,2,1
740,Isha,isha@example.com,"Nature, Adventure",Female,1,1
741,Saanvi,saanvi@example.com,"City, Historical",Female,1,1
742,Aanya,aanya@example.com,"Beaches, Historical",Female,2,1
743,Riya,riya@example.com,"Nature, Adventure",Female,1,2
744,Aanya,aanya@example.com,"City, Historical",Female,1,0
745,Saanvi,saanvi@example.com,"Beaches, Historical",Female,1,2
746,Pooja,pooja@example.com,"Nature, Adventure",Female,2,1
747,Isha,isha@example.com,"City, Historical",Female,1,0
748,Vivaan,vivaan@example.com,"Beaches, Historical",Male,2,0
749,Isha,isha@example.com,"Nature, Adventure",Female,1,0
750,Hitesh,hitesh@example.com,"City, Historical",Male,1,2
751,Anika,anika@example.com,"Beaches, Historical",Female,1,2
752,Vivaan,vivaan@example.com,"Nature, Adventure",Male,1,2
753,Riya,riya@example.com,"City, Historical",Female,2,1
754,Aditya,aditya@example.com,"Beaches, Historical",Male,2,2
755,Arjun,arjun@example.com,"Nature, Adventure",Male,2,2
756,Arjun,arjun@example.com,"City, Historical",Male,1,2
757,Karan,karan@example.com,"Beaches, Historical",Male,1,0
758,Ishaan,ishaan@example.com,"Nature, Adventure",Male,2,0
759,Tanvi,tanvi@example.com,"City, Historical",Female,2,1
760,Meera,meera@example.com,"Beaches, Historical",Female,1,0
761,Hitesh,hitesh@example.com,"Nature, Adventure",Male,2,1
762,Isha,isha@example.com,"City, Historical",Female,2,0
763,Riya,riya@example.com,"Beaches, Historical",Female,1,1
764,Riya,riya@example.com,"Nature, Adventure",Female,2,1
765,Hitesh,hitesh@example.com,"City, Historical",Male,2,0
766,Pooja,pooja@example.com,"Beaches, Historical",Female,1,0
767,Meera,meera@example.com,"Nature, Adventure",Female,2,2
768,Anika,anika@example.com,"City, Historical",Female,1,2
769,Kavya,kavya@example.com,"Beaches, Historical",Female,2,1
770,Diya,diya@example.com,"Nature, Adventure",Female,2,1
771,Aditya,aditya@example.com,"City, Historical",Male,1,1
772,Ritvik,ritvik@example.com,"Beaches, Historical",Male,1,0
773,Arjun,arjun@example.com,"Nature, Adventure",Male,1,0
774,Rohan,rohan@example.com,"City, Historical",Male,1,2
775,Hitesh,hitesh@example.com,"Beaches, Historical",Male,2,0
776,Aarav,aarav@example.com,"Nature, Adventure",Male,2,1
777,Vivaan,vivaan@example.com,"City, Historical",Male,1,2
778,Anika,anika@example.com,"Beaches, Historical",Female,1,0
779,Diya,diya@example.com,"Nature, Adventure",Female,2,1
780,Meera,meera@example.com,"City, Historical",Female,2,0
781,Anika,anika@example.com,"Beaches, Historical",Female,1,0
782,Aditya,aditya@example.com,"Nature, Adventure",Male,1,0
783,Karan,karan@example.com,"City, Historical",Male,1,1
784,Aarav,aarav@example.com,"Beaches, Historical",Male,2,1
785,Karan,karan@example.com,"Nature, Adventure",Male,1,0
786,Tanvi,tanvi@example.com,"City, Historical",Female,2,1
787,Ishaan,ishaan@example.com,"Beaches, Historical",Male,1,0
788,Saanvi,saanvi@example.com,"Nature, Adventure",Female,1,2
789,Ritvik,ritvik@example.com,"City, Historical",Male,2,1
790,Hitesh,hitesh@example.com,"Beaches, Historical",Male,1,0
791,Ishaan,ishaan@example.com,"Nature, Adventure",Male,1,0
792,Hitesh,hitesh@example.com,"City, Historical",Male,1,0
793,Ritvik,ritvik@example.com,"Beaches, Historical",Male,2,2
794,Meera,meera@example.com,"Nature, Adventure",Female,2,1
795,Karan,karan@example.com,"City, Historical",Male,1,0
796,Aanya,aanya@example.com,"Beaches, Historical",Female,1,0
797,Tanvi,tanvi@example.com,"Nature, Adventure",Female,1,0
798,Rohan,rohan@example.com,"City, Historical",Male,2,1
799,Riya,riya@example.com,"Beaches, Historical",Female,1,2
800,Anika,anika@example.com,"Nature, Adventure",Female,1,2
801,Isha,isha@example.com,"City, Historical",Female,2,0
802,Karan,karan@example.com,"Beaches, Historical",Male,1,0
803,Isha,isha@example.com,"Nature, Adventure",Female,2,1
804,Tanvi,tanvi@example.com,"City, Historical",Female,1,0
805,Ishaan,ishaan@example.com,"Beaches, Historical",Male,1,2
806,Vivaan,vivaan@example.com,"Nature, Adventure",Male,2,1
807,Kavya,kavya@example.com,"City, Historical",Female,2,1
808,Riya,riya@example.com,"Beaches, Historical",Female,1,0
809,Rohan,rohan@example.com,"Nature, Adventure",Male,1,2
810,Pooja,pooja@example.com,"City, Historical",Female,2,1
811,Rohan,rohan@example.com,"Beaches, Historical",Male,2,1
812,Dhruv,dhruv@example.com,"Nature, Adventure",Male,2,0
813,Aditya,aditya@example.com,"City, Historical",Male,1,2
814,Aditya,aditya@example.com,"Beaches, Historical",Male,1,2
815,Aarav,aarav@example.com,"Nature, Adventure",Male,1,1
816,Hitesh,hitesh@example.com,"City, Historical",Male,1,2
817,Diya,diya@example.com,"Beaches, Historical",Female,1,0
818,Riya,riya@example.com,"Nature, Adventure",Female,2,0
819,Meera,meera@example.com,"City, Historical",Female,1,1
820,Aarav,aarav@example.com,"Beaches, Historical",Male,1,1
821,Arjun,arjun@example.com,"Nature, Adventure",Male,1,2
822,Saanvi,saanvi@example.com,"City, Historical",Female,1,0
823,Pooja,pooja@example.com,"Beaches, Historical",Female,1,2
824,Ishaan,ishaan@example.com,"Nature, Adventure",Male,2,2
825,Riya,riya@example.com,"City, Historical",Female,2,1
826,Diya,diya@example.com,"Beaches, Historical",Female,2,0
827,Rohan,rohan@example.com,"Nature, Adventure",Male,2,0
828,Pooja,pooja@example.com,"City, Historical",Female,2,2
829,Kavya,kavya@example.com,"Beaches, Historical",Female,1,0
830,Arjun,arjun@example.com,"Nature, Adventure",Male,1,0
831,Pooja,pooja@example.com,"City, Historical",Female,2,2
832,Meera,meera@example.com,"Beaches, Historical",Female,2,1
833,Kavya,kavya@example.com,"Nature, Adventure",Female,2,1
834,Vivaan,vivaan@example.com,"City, Historical",Male,2,1
835,Meera,meera@example.com,"Beaches, Historical",Female,2,2
836,Pooja,pooja@example.com,"Nature, Adventure",Female,2,0
837,Meera,meera@example.com,"City, Historical",Female,2,2
838,Saanvi,saanvi@example.com,"Beaches, Historical",Female,2,2
839,Kavya,kavya@example.com,"Nature, Adventure",Female,1,1
840,Diya,diya@example.com,"City, Historical",Female,1,0
841,Saanvi,saanvi@example.com,"Beaches, Historical",Female,1,1
842,Ishaan,ishaan@example.com,"Nature, Adventure",Male,2,0
843,Dhruv,dhruv@example.com,"City, Historical",Male,2,0
844,Aditya,aditya@example.com,"Beaches, Historical",Male,2,1
845,Anika,anika@example.com,"Nature, Adventure",Female,2,1
846,Vivaan,vivaan@example.com,"City, Historical",Male,1,2
847,Kavya,kavya@example.com,"Beaches, Historical",Female,1,0
848,Riya,riya@example.com,"Nature, Adventure",Female,2,0
849,Tanvi,tanvi@example.com,"City, Historical",Female,1,0
850,Hitesh,hitesh@example.com,"Beaches, Historical",Male,2,0
851,Anika,anika@example.com,"Nature, Adventure",Female,2,0
852,Dhruv,dhruv@example.com,"City, Historical",Male,2,2
853,Vivaan,vivaan@example.com,"Beaches, Historical",Male,2,0
854,Meera,meera@example.com,"Nature, Adventure",Female,2,2
855,Pooja,pooja@example.com,"City, Historical",Female,1,1
856,Aanya,aanya@example.com,"Beaches, Historical",Female,1,2
857,Hitesh,hitesh@example.com,"Nature, Adventure",Male,1,2
858,Rohan,rohan@example.com,"City, Historical",Male,1,2
859,Dhruv,dhruv@example.com,"Beaches, Historical",Male,2,1
860,Vivaan,vivaan@example.com,"Nature, Adventure",Male,1,0
861,Dhruv,dhruv@example.com,"City, Historical",Male,1,2
862,Arjun,arjun@example.com,"Beaches, Historical",Male,1,1
863,Aarav,aarav@example.com,"Nature, Adventure",Male,1,2
864,Riya,riya@example.com,"City, Historical",Female,2,2
865,Aditya,aditya@example.com,"Beaches, Historical",Male,2,1
866,Ritvik,ritvik@example.com,"Nature, Adventure",Male,2,2
867,Vivaan,vivaan@example.com,"City, Historical",Male,2,2
868,Pooja,pooja@example.com,"Beaches, Historical",Female,2,0
869,Karan,karan@example.com,"Nature, Adventure",Male,1,1
870,Diya,diya@example.com,"City, Historical",Female,2,2
871,Arjun,arjun@example.com,"Beaches, Historical",Male,1,1
872,Hitesh,hitesh@example.com,"Nature, Adventure",Male,1,1
873,Anika,anika@example.com,"City, Historical",Female,2,0
874,Hitesh,hitesh@example.com,"Beaches, Historical",Male,2,0
875,Hitesh,hitesh@example.com,"Nature, Adventure",Male,2,0
876,Ritvik,ritvik@example.com,"City, Historical",Male,2,2
877,Aanya,aanya@example.com,"Beaches, Historical",Female,2,2
878,Meera,meera@example.com,"Nature, Adventure",Female,1,2
879,Anika,anika@example.com,"City, Historical",Female,1,2
880,Ritvik,ritvik@example.com,"Beaches, Historical",Male,2,2
881,Rohan,rohan@example.com,"Nature, Adventure",Male,1,2
882,Vivaan,vivaan@example.com,"City, Historical",Male,1,1
883,Aanya,aanya@example.com,"Beaches, Historical",Female,2,1
884,Ritvik,ritvik@example.com,"Nature, Adventure",Male,2,0
885,Hitesh,hitesh@example.com,"City, Historical",Male,2,2
886,Ritvik,ritvik@example.com,"Beaches, Historical",Male,1,1
887,Pooja,pooja@example.com,"Nature, Adventure",Female,1,0
888,Riya,riya@example.com,"City, Historical",Female,2,0
889,Karan,karan@example.com,"Beaches, Historical",Male,2,0
890,Ishaan,ishaan@example.com,"Nature, Adventure",Male,1,0
891,Karan,karan@example.com,"City, Historical",Male,1,1
892,Anika,anika@example.com,"Beaches, Historical",Female,1,1
893,Ishaan,ishaan@example.com,"Nature, Adventure",Male,2,1
894,Isha,isha@example.com,"City, Historical",Female,2,0
895,Saanvi,saanvi@example.com,"Beaches, Historical",Female,1,0
896,Diya,diya@example.com,"Nature, Adventure",Female,2,2
897,Pooja,pooja@example.com,"City, Historical",Female,1,2
898,Pooja,pooja@example.com,"Beaches, Historical",Female,2,0
899,Anika,anika@example.com,"Nature, Adventure",Female,1,1
900,Aanya,aanya@example.com,"City, Historical",Female,2,0
901,Aanya,aanya@example.com,"Beaches, Historical",Female,2,2
902,Anika,anika@example.com,"Nature, Adventure",Female,2,2
903,Hitesh,hitesh@example.com,"City, Historical",Male,2,1
904,Rohan,rohan@example.com,"Beaches, Historical",Male,1,0
905,Anika,anika@example.com,"Nature, Adventure",Female,1,2
906,Arjun,arjun@example.com,"City, Historical",Male,1,1
907,Saanvi,saanvi@example.com,"Beaches, Historical",Female,2,2
908,Anika,anika@example.com,"Nature, Adventure",Female,2,1
909,Karan,karan@example.com,"City, Historical",Male,2,2
910,Arjun,arjun@example.com,"Beaches, Historical",Male,2,2
911,Riya,riya@example.com,"Nature, Adventure",Female,1,0
912,Aarav,aarav@example.com,"City, Historical",Male,1,1
913,Dhruv,dhruv@example.com,"Beaches, Historical",Male,1,1
914,Dhruv,dhruv@example.com,"Nature, Adventure",Male,1,2
915,Ishaan,ishaan@example.com,"City, Historical",Male,1,0
916,Pooja,pooja@example.com,"Beaches, Historical",Female,1,2
917,Anika,anika@example.com,"Nature, Adventure",Female,2,2
918,Aditya,aditya@example.com,"City, Historical",Male,2,2
919,Aanya,aanya@example.com,"Beaches, Historical",Female,1,1
920,Riya,riya@example.com,"Nature, Adventure",Female,2,0
921,Dhruv,dhruv@example.com,"City, Historical",Male,1,2
922,Karan,karan@example.com,"Beaches, Historical",Male,1,2
923,Isha,isha@example.com,"Nature, Adventure",Female,2,2
924,Tanvi,tanvi@example.com,"City, Historical",Female,1,1
925,Ritvik,ritvik@example.com,"Beaches, Historical",Male,2,2
926,Aanya,aanya@example.com,"Nature, Adventure",Female,1,1
927,Ishaan,ishaan@example.com,"City, Historical",Male,1,1
928,Riya,riya@example.com,"Beaches, Historical",Female,1,1
929,Aarav,aarav@example.com,"Nature, Adventure",Male,1,1
930,Aarav,aarav@example.com,"City, Historical",Male,2,1
931,Arjun,arjun@example.com,"Beaches, Historical",Male,1,0
932,Tanvi,tanvi@example.com,"Nature, Adventure",Female,1,1
933,Vivaan,vivaan@example.com,"City, Historical",Male,2,1
934,Saanvi,saanvi@example.com,"Beaches, Historical",Female,2,2
935,Anika,anika@example.com,"Nature, Adventure",Female,1,0
936,Aditya,aditya@example.com,"City, Historical",Male,1,0
937,Riya,riya@example.com,"Beaches, Historical",Female,2,2
938,Anika,anika@example.com,"Nature, Adventure",Female,1,1
939,Anika,anika@example.com,"City, Historical",Female,2,0
940,Anika,anika@example.com,"Beaches, Historical",Female,1,1
941,Aditya,aditya@example.com,"Nature, Adventure",Male,2,2
942,Vivaan,vivaan@example.com,"City, Historical",Male,1,0
943,Hitesh,hitesh@example.com,"Beaches, Historical",Male,2,1
944,Riya,riya@example.com,"Nature, Adventure",Female,2,0
945,Dhruv,dhruv@example.com,"City, Historical",Male,2,0
946,Aarav,aarav@example.com,"Beaches, Historical",Male,1,1
947,Pooja,pooja@example.com,"Nature, Adventure",Female,2,1
948,Hitesh,hitesh@example.com,"City, Historical",Male,1,0
949,Riya,riya@example.com,"Beaches, Historical",Female,2,2
950,Aarav,aarav@example.com,"Nature, Adventure",Male,2,0
951,Karan,karan@example.com,"City, Historical",Male,1,2
952,Saanvi,saanvi@example.com,"Beaches, Historical",Female,1,0
953,Riya,riya@example.com,"Nature, Adventure",Female,1,1
954,Vivaan,vivaan@example.com,"City, Historical",Male,2,2
955,Aanya,aanya@example.com,"Beaches, Historical",Female,2,2
956,Hitesh,hitesh@example.com,"Nature, Adventure",Male,1,0
957,Saanvi,saanvi@example.com,"City, Historical",Female,1,0
958,Aarav,aarav@example.com,"Beaches, Historical",Male,1,2
959,Ritvik,ritvik@example.com,"Nature, Adventure",Male,1,1
960,Ritvik,ritvik@example.com,"City, Historical",Male,1,2
961,Isha,isha@example.com,"Beaches, Historical",Female,1,2
962,Saanvi,saanvi@example.com,"Nature, Adventure",Female,2,1
963,Ritvik,ritvik@example.com,"City, Historical",Male,1,1
964,Saanvi,saanvi@example.com,"Beaches, Historical",Female,1,0
965,Hitesh,hitesh@example.com,"Nature, Adventure",Male,1,0
966,Riya,riya@example.com,"City, Historical",Female,1,0
967,Pooja,pooja@example.com,"Beaches, Historical",Female,2,1
968,Diya,diya@example.com,"Nature, Adventure",Female,1,2
969,Aditya,aditya@example.com,"City, Historical",Male,1,1
970,Tanvi,tanvi@example.com,"Beaches, Historical",Female,1,0
971,Diya,diya@example.com,"Nature, Adventure",Female,2,2
972,Kavya,kavya@example.com,"City, Historical",Female,2,0
973,Kavya,kavya@example.com,"Beaches, Historical",Female,1,2
974,Vivaan,vivaan@example.com,"Nature, Adventure",Male,2,1
975,Tanvi,tanvi@example.com,"City, Historical",Female,1,0
976,Aditya,aditya@example.com,"Beaches, Historical",Male,1,1
977,Vivaan,vivaan@example.com,"Nature, Adventure",Male,1,1
978,Pooja,pooja@example.com,"City, Historical",Female,2,1
979,Rohan,rohan@example.com,"Beaches, Historical",Male,1,2
980,Kavya,kavya@example.com,"Nature, Adventure",Female,1,1
981,Dhruv,dhruv@example.com,"City, Historical",Male,1,1
982,Meera,meera@example.com,"Beaches, Historical",Female,2,2
983,Karan,karan@example.com,"Nature, Adventure",Male,2,1
984,Dhruv,dhruv@example.com,"City, Historical",Male,2,1
985,Aditya,aditya@example.com,"Beaches, Historical",Male,1,1
986,Aanya,aanya@example.com,"Nature, Adventure",Female,1,2
987,Meera,meera@example.com,"City, Historical",Female,2,2
988,Dhruv,dhruv@example.com,"Beaches, Historical",Male,1,0
989,Ritvik,ritvik@example.com,"Nature, Adventure",Male,2,1
990,Diya,diya@example.com,"City, Historical",Female,2,2
991,Tanvi,tanvi@example.com,"Beaches, Historical",Female,1,1
992,Karan,karan@example.com,"Nature, Adventure",Male,1,2
993,Ritvik,ritvik@example.com,"City, Historical",Male,1,2
994,Ishaan,ishaan@example.com,"Beaches, Historical",Male,1,2
995,Karan,karan@example.com,"Nature, Adventure",Male,1,0
996,Dhruv,dhruv@example.com,"City, Historical",Male,1,1
997,Karan,karan@example.com,"Beaches, Historical",Male,1,2
998,Aditya,aditya@example.com,"Nature, Adventure",Male,1,1
999,Hitesh,hitesh@example.com,"City, Historical",Male,2,2
